{
  "Component-preload.js": 1767615829869,
  "controller/App.controller.js": 1766319743482,
  "controller/invoice.controller.js": 1767537729077,
  "controller/View1.controller.js": 1767537688684,
  "model/models.js": 1766319743482,
  "manifest.json": 1767537757909,
  "Component.js": 1766319743482,
  "controller/invoice-dbg.controller.js": 1767537729077,
  "controller/invoice.controller.js.map": 1767615829759,
  "controller/App-dbg.controller.js": 1766319743482,
  "controller/App.controller.js.map": 1767615829693,
  "controller/View1-dbg.controller.js": 1767537688684,
  "controller/View1.controller.js.map": 1767615829707,
  "model/models-dbg.js": 1766319743482,
  "model/models.js.map": 1767615829692,
  "Component-dbg.js": 1766319743482,
  "Component.js.map": 1767615829696,
  "i18n/i18n.properties": 1766319743482,
  "Component-preload.js.map": 1767615829869,
  "view/invoice.view.xml": 1766319743482,
  "view/View1.view.xml": 1766319743482,
  "view/App.view.xml": 1766319743482,
  "css/style.css": 1766319743482,
  "index.html": 1766319743482
}