{
  "controller/Home-dbg.controller.js": 1766319743482,
  "controller/ExecutionOrder.controller.js": 1766319743478,
  "controller/Home.controller.js": 1766319743482,
  "model/models.js": 1766319743482,
  "controller/App.controller.js": 1766319743478,
  "manifest.json": 1766319743482,
  "Component.js": 1766319743478,
  "model/models-dbg.js": 1766319743482,
  "model/models.js.map": 1767533371823,
  "i18n/i18n.properties": 1766319743482,
  "controller/Home.controller.js.map": 1767533371851,
  "controller/ExecutionOrder-dbg.controller.js": 1766319743478,
  "controller/ExecutionOrder.controller.js.map": 1767533372030,
  "controller/App-dbg.controller.js": 1766319743478,
  "controller/App.controller.js.map": 1767533371848,
  "Component-dbg.js": 1766319743478,
  "Component.js.map": 1767533371827,
  "Component-preload.js": 1767533372315,
  "Component-preload.js.map": 1767533372315,
  "view/Home.view.xml": 1766319743482,
  "view/ExecutionOrder.view.xml": 1766319743482,
  "view/App.view.xml": 1766319743482,
  "css/style.css": 1766319743482,
  "index.html": 1766319743482
}