{
  "css/style.css": 1766319743482,
  "controller/ExecutionOrder.controller.js": 1767537617596,
  "controller/Home.controller.js": 1767537541715,
  "model/models.js": 1766319743482,
  "controller/App.controller.js": 1766319743478,
  "manifest.json": 1767537645384,
  "Component.js": 1766319743478,
  "model/models-dbg.js": 1766319743482,
  "model/models.js.map": 1767615802421,
  "controller/Home-dbg.controller.js": 1767537541715,
  "controller/Home.controller.js.map": 1767615802451,
  "controller/ExecutionOrder-dbg.controller.js": 1767537617596,
  "controller/ExecutionOrder.controller.js.map": 1767615802521,
  "controller/App-dbg.controller.js": 1766319743478,
  "controller/App.controller.js.map": 1767615802422,
  "Component-dbg.js": 1766319743478,
  "Component.js.map": 1767615802424,
  "Component-preload.js": 1767615802673,
  "Component-preload.js.map": 1767615802673,
  "view/Home.view.xml": 1766319743482,
  "view/ExecutionOrder.view.xml": 1766319743482,
  "view/App.view.xml": 1766319743482,
  "i18n/i18n.properties": 1766319743482,
  "index.html": 1766319743482
}