{
  "controller/Formula.controller.js.map": 1767616331565,
  "controller/Model.controller.js": 1767536997758,
  "controller/View1.controller.js": 1766319743490,
  "controller/ServiceType.controller.js": 1767536583074,
  "controller/ServiceMaster.controller.js": 1767536767652,
  "controller/ModelServices.controller.js": 1767536922441,
  "model/models.js": 1766319743490,
  "controller/Formulas.controller.js": 1767537045974,
  "controller/Formula.controller.js": 1767537086899,
  "controller/Example.controller.js": 1766319743486,
  "controller/App.controller.js": 1766319743486,
  "controller/AddServiceMaster.controller.js": 1767537158155,
  "controller/AddModel.controller.js": 1767537189936,
  "manifest.json": 1767537266124,
  "Component.js": 1766319743486,
  "controller/ServiceType-dbg.controller.js": 1767536583074,
  "controller/ServiceType.controller.js.map": 1767616331475,
  "controller/View1-dbg.controller.js": 1766319743490,
  "controller/View1.controller.js.map": 1767616331445,
  "controller/Model-dbg.controller.js": 1767536997758,
  "controller/Model.controller.js.map": 1767616331482,
  "controller/ServiceMaster-dbg.controller.js": 1767536767652,
  "controller/ServiceMaster.controller.js.map": 1767616331572,
  "controller/ModelServices-dbg.controller.js": 1767536922441,
  "controller/ModelServices.controller.js.map": 1767616331652,
  "model/models-dbg.js": 1766319743490,
  "model/models.js.map": 1767616331477,
  "controller/Formulas-dbg.controller.js": 1767537045974,
  "controller/Formulas.controller.js.map": 1767616331487,
  "controller/Formula-dbg.controller.js": 1767537086899,
  "i18n/i18n.properties": 1766319743490,
  "controller/Example-dbg.controller.js": 1766319743486,
  "controller/Example.controller.js.map": 1767616331490,
  "controller/App-dbg.controller.js": 1766319743486,
  "controller/App.controller.js.map": 1767616331491,
  "controller/AddServiceMaster-dbg.controller.js": 1767537158155,
  "controller/AddServiceMaster.controller.js.map": 1767616331546,
  "controller/AddModel-dbg.controller.js": 1767537189936,
  "controller/AddModel.controller.js.map": 1767616331556,
  "Component-dbg.js": 1766319743486,
  "Component.js.map": 1767616331563,
  "Component-preload.js": 1767616331847,
  "Component-preload.js.map": 1767616331847,
  "view/View1.view.xml": 1766319743490,
  "view/ServiceType.view.xml": 1766319743490,
  "view/ServiceMaster.view.xml": 1766319743490,
  "view/ModelServices.view.xml": 1766319743490,
  "view/Model.view.xml": 1766319743490,
  "view/Formulas.view.xml": 1766319743490,
  "view/Formula.view.xml": 1766319743490,
  "view/Example.view.xml": 1766319743490,
  "view/App.view.xml": 1766319743490,
  "view/AddServiceMaster.view.xml": 1766319743490,
  "view/AddModel.view.xml": 1766319743490,
  "css/style.css": 1766319743490,
  "index.html": 1766319743490
}