{
  "Component.js.map": 1767533377732,
  "Component.js": 1766319743482,
  "controller/invoice.controller.js": 1766319743482,
  "controller/View1.controller.js": 1766319743482,
  "controller/App.controller.js": 1766319743482,
  "manifest.json": 1766319743482,
  "model/models.js": 1766319743482,
  "controller/App-dbg.controller.js": 1766319743482,
  "controller/App.controller.js.map": 1767533377718,
  "controller/invoice-dbg.controller.js": 1766319743482,
  "controller/invoice.controller.js.map": 1767533377831,
  "controller/View1-dbg.controller.js": 1766319743482,
  "controller/View1.controller.js.map": 1767533377734,
  "Component-dbg.js": 1766319743482,
  "i18n/i18n.properties": 1766319743482,
  "model/models-dbg.js": 1766319743482,
  "model/models.js.map": 1767533377727,
  "Component-preload.js": 1767533378043,
  "Component-preload.js.map": 1767533378043,
  "view/invoice.view.xml": 1766319743482,
  "view/View1.view.xml": 1766319743482,
  "view/App.view.xml": 1766319743482,
  "css/style.css": 1766319743482,
  "index.html": 1766319743482
}