{
  "index.html": 1766319743490,
  "controller/Tendering.controller.js": 1767537464630,
  "controller/View1.controller.js": 1767537405594,
  "model/models.js": 1766319743490,
  "controller/App.controller.js": 1766319743490,
  "manifest.json": 1767537481982,
  "Component.js": 1766319743490,
  "controller/View1-dbg.controller.js": 1767537405594,
  "controller/View1.controller.js.map": 1767615774371,
  "controller/Tendering-dbg.controller.js": 1767537464630,
  "controller/Tendering.controller.js.map": 1767615774463,
  "model/models-dbg.js": 1766319743490,
  "model/models.js.map": 1767615774358,
  "controller/App-dbg.controller.js": 1766319743490,
  "controller/App.controller.js.map": 1767615774355,
  "Component-dbg.js": 1766319743490,
  "Component.js.map": 1767615774358,
  "Component-preload.js": 1767615774607,
  "Component-preload.js.map": 1767615774607,
  "view/View1.view.xml": 1766319743490,
  "view/Tendering.view.xml": 1766319743490,
  "view/App.view.xml": 1766319743490,
  "css/style.css": 1766319743490,
  "i18n/i18n.properties": 1766319743490
}