{
  "css/style.css": 1766319743490,
  "controller/View1.controller.js": 1766319743490,
  "model/models.js": 1766319743490,
  "controller/Tendering.controller.js": 1766319743490,
  "controller/App.controller.js": 1766319743490,
  "manifest.json": 1766319743490,
  "Component.js": 1766319743490,
  "Component-dbg.js": 1766319743490,
  "Component.js.map": 1767533383605,
  "model/models-dbg.js": 1766319743490,
  "model/models.js.map": 1767533383613,
  "controller/Tendering-dbg.controller.js": 1766319743490,
  "controller/Tendering.controller.js.map": 1767533383827,
  "controller/App-dbg.controller.js": 1766319743490,
  "controller/App.controller.js.map": 1767533383610,
  "controller/View1-dbg.controller.js": 1766319743490,
  "controller/View1.controller.js.map": 1767533383625,
  "Component-preload.js": 1767533384113,
  "Component-preload.js.map": 1767533384113,
  "view/View1.view.xml": 1766319743490,
  "view/Tendering.view.xml": 1766319743490,
  "view/App.view.xml": 1766319743490,
  "i18n/i18n.properties": 1766319743490,
  "index.html": 1766319743490
}